{"cameraMode":{"drawMode":0,"name":"Shaded","section":"Shading Mode"},"sceneLighting":false,"audioPlay":false,"sceneViewState":{"m_AlwaysRefresh":false,"showFog":true,"showSkybox":false,"showFlares":true,"showImageEffects":true,"showParticleSystems":true,"showVisualEffectGraphs":true,"m_FxEnabled":true},"in2DMode":false,"pivot":{"x":0.1583256870508194,"y":1.8401427268981934,"z":12.768390655517579},"rotation":{"x":-0.16307538747787476,"y":0.0079872515052557,"z":-0.0013203915441408754,"w":-0.986598551273346},"size":0.1998167484998703,"orthographic":false}